--TODO: 待更新資料
INSERT INTO "AtomMenu" ("ID","Description") 
VALUES
	(1100,'業務-商機管理                       '),
	(1200,'業務-潛在商機                       '),
	(1300,'業務-個人目標                       '),
	(1400,'業務-Rolling3                   '),
	(2100,'協作-專案管理                       '),
	(2200,'協作-需求管理                       '),
	(2300,'協作-任務管理                       '),
	(2400,'協作-交付與合約                      '),
	(3100,'CRM-活動管理                       '),
	(3200,'行銷-產品管理                       '),
	(3300,'行銷-電銷管理                       '),
	(3400,'行銷-目標管理                       '),
	(4100,'標準階段與類型設定-合約類型                '),
	(4200,'標準階段與類型設定-交付文件標準              '),
	(4300,'標準階段與類型設定-專案標準階段              '),
	(5100,'系統設定-權限管理                     '),
	(5200,'系統設定-客戶資料                     '),
	(5300,'系統設定-報表與分析                    ');

INSERT INTO "Manager" ("Account","Password","Email","Name","ManagerRegionID","ManagerDepartmentID","IsEnable","CreateTime","UpdateTime") 
VALUES
	('yuhan                                             ','c3e70567be926aa2a0d524a99f3ddf1a                  ','yuhan@bccs.com.tw                                                                                   ','yuhan                                             ',1,1,true,'2025-07-22 16:56:29.46+08','2025-07-23 13:51:36.146+08'),
	('claire                                            ','c3e70567be926aa2a0d524a99f3ddf1a                  ','claire@bccs.com.tw                                                                                  ','claire                                            ',1,1,true,'2025-07-22 16:56:29.46+08','2025-07-23 13:51:36.146+08'),
	('harry                                             ','c3e70567be926aa2a0d524a99f3ddf1a                  ','harry@bccs.com.tw                                                                                   ','harry                                             ',1,1,true,'2025-07-22 16:56:29.46+08','2025-07-23 13:51:36.146+08'),
	('charming                                          ','c3e70567be926aa2a0d524a99f3ddf1a                  ','charming@bccs.com.tw                                                                                ','charming                                          ',1,1,true,'2025-07-22 16:56:29.46+08','2025-07-23 13:51:36.146+08'),
	('ivan                                              ','c3e70567be926aa2a0d524a99f3ddf1a                  ','ivan@bccs.com.tw                                                                                    ','ivan                                              ',1,1,true,'2025-07-22 16:56:29.46+08','2025-07-23 13:51:36.146+08');

INSERT INTO "ManagerDepartment" ("ID","Name","IsEnable","CreateTime","UpdateTime") 
VALUES
	 (1,'系統開發部               ',true,'2025-07-23 13:53:39.467+08','2025-07-23 13:53:39.467+08');


INSERT INTO "ManagerMenuPermission" ("ManagerID","AtomMenuID","KindID") 
VALUES
	 (1,1100,30),
	 (1,1200,30),
	 (1,1300,30),
	 (1,1400,30),
	 (1,2100,30),
	 (1,2200,30),
	 (1,2300,30),
	 (1,2400,30),
	 (1,3100,30),
	 (1,3200,30),
	 (1,3300,30),
	 (1,3400,30),
	 (1,4100,30),
	 (1,4200,30),
	 (1,4300,30),
	 (1,5100,30),
	 (1,5200,30),
	 (1,5300,30),
	 (2,1100,30),
	 (2,1200,30),
	 (2,1300,30),
	 (2,1400,30),
	 (2,2100,30),
	 (2,2200,30),
	 (2,2300,30),
	 (2,2400,30),
	 (2,3100,30),
	 (2,3200,30),
	 (2,3300,30),
	 (2,3400,30),
	 (2,4100,30),
	 (2,4200,30),
	 (2,4300,30),
	 (2,5100,30),
	 (2,5200,30),
	 (2,5300,30),
	 (3,1100,30),
	 (3,1200,30),
	 (3,1300,30),
	 (3,1400,30),
	 (3,2100,30),
	 (3,2200,30),
	 (3,2300,30),
	 (3,2400,30),
	 (3,3100,30),
	 (3,3200,30),
	 (3,3300,30),
	 (3,3400,30),
	 (3,4100,30),
	 (3,4200,30),
	 (3,4300,30),
	 (3,5100,30),
	 (3,5200,30),
	 (3,5300,30),
	 (4,1100,30),
	 (4,1200,30),
	 (4,1300,30),
	 (4,1400,30),
	 (4,2100,30),
	 (4,2200,30),
	 (4,2300,30),
	 (4,2400,30),
	 (4,3100,30),
	 (4,3200,30),
	 (4,3300,30),
	 (4,3400,30),
	 (4,4100,30),
	 (4,4200,30),
	 (4,4300,30),
	 (4,5100,30),
	 (4,5200,30),
	 (4,5300,30),
	 (5,1100,30),
	 (5,1200,30),
	 (5,1300,30),
	 (5,1400,30),
	 (5,2100,30),
	 (5,2200,30),
	 (5,2300,30),
	 (5,2400,30),
	 (5,3100,30),
	 (5,3200,30),
	 (5,3300,30),
	 (5,3400,30),
	 (5,4100,30),
	 (5,4200,30),
	 (5,4300,30),
	 (5,5100,30),
	 (5,5200,30),
	 (5,5300,30);

INSERT INTO "ManagerRegion" ("ID","Name","IsEnable","CreateTime","UpdateTime") 
VALUES
	 (1,'台中北屯區               ',true,'2025-07-23 13:53:39.467+08','2025-07-23 13:53:39.467+08');




